위도,경도,구분,명칭,주소,개수,담당부서,기준일자
37.88724,127.75365,정류장,산림조합강원본부,강원특별자치도 춘천시 후평1동 740-19,1,교통과,2026-06-01
37.88699,127.75322,정류장,산림조합강원본부,강원특별자치도 춘천시 후평1동 739,1,교통과,2026-06-01
37.95331,127.7463,정류장,금광터,강원특별자치도 춘천시 산천리 320-8,1,교통과,2026-06-01
37.94753,127.75073,정류장,운전면허시험장,강원특별자치도 춘천시 산천리 344-2,1,교통과,2026-06-01
37.93833,127.80195,정류장,소양강댐주차장,강원특별자치도 춘천시 천전리 15-3,1,교통과,2026-06-01
37.87707,127.72308,정류장,중앙시장환승센터,강원특별자치도 춘천시 낙원동  118-8,3,교통과,2026-06-01
37.87244,127.75268,정류장,후평3동우체국,강원특별자치도 춘천시 후평1동 891-7,1,교통과,2026-06-01
37.87243,127.75247,정류장,부안주유소,강원특별자치도 춘천시 후평2동 900,1,교통과,2026-06-01
37.87554,127.75105,정류장,후평주공7단지,강원특별자치도 춘천시 후평2동 477,1,교통과,2026-06-01
37.87572,127.75116,정류장,후평주공7단지,강원특별자치도 춘천시 후평2동 481-7,1,교통과,2026-06-01
37.87433,127.74887,정류장,후평주공6단지,강원특별자치도 춘천시 후평2동 477,1,교통과,2026-06-01
37.87422,127.74837,정류장,후평주공6단지,강원특별자치도 춘천시 후평2동 481-7,1,교통과,2026-06-01
37.87346,127.74691,정류장,후평주공5단지,강원특별자치도 춘천시 후평2동 481-7,1,교통과,2026-06-01
37.89324,127.74867,정류장,후평동종점,강원특별자치도 춘천시 후평1동 209-10,3,교통과,2026-06-01
37.89377,127.74885,정류장,후평동종점,강원특별자치도 춘천시 후평1동 209-9,3,교통과,2026-06-01
37.87492,127.75763,정류장,후평주공4단지후문,강원특별자치도 춘천시 후평3동 841,1,교통과,2026-06-01
37.87495,127.75778,정류장,후평주공4단지후문,강원특별자치도 춘천시 후평3동 887,1,교통과,2026-06-01
37.87624,127.75696,정류장,후평주공4단지,강원특별자치도 춘천시 후평3동 841,1,교통과,2026-06-01
37.87624,127.75709,정류장,대우A,강원특별자치도 춘천시 후평3동 869-10,1,교통과,2026-06-01
37.87624,127.75371,정류장,후평3동행복센터,강원특별자치도 춘천시 후평3동 824-1,1,교통과,2026-06-01
37.87646,127.7548,정류장,후평3동행복센터,강원특별자치도 춘천시 후평3동 841,1,교통과,2026-06-01
37.75749,127.62402,정류장,후동리,강원특별자치도 춘천시 후동리 223-1,1,교통과,2026-06-01
37.74268,127.63435,정류장,후동2리입구,강원특별자치도 춘천시 발산리 산 8-2,1,교통과,2026-06-01
37.75097,127.61969,정류장,후동,강원특별자치도 춘천시 후동리 299-3,1,교통과,2026-06-01
37.87579,127.73787,정류장,중부지구대,강원특별자치도 춘천시 효자3동 604-4,1,교통과,2026-06-01
37.73001,127.59613,정류장,황골,강원특별자치도 춘천시 발산리 845-12,1,교통과,2026-06-01
37.92214,127.72494,정류장,화목원,강원특별자치도 춘천시 사농동 651-1,1,교통과,2026-06-01
37.92221,127.72328,정류장,화목원,강원특별자치도 춘천시 사농동 217-310,1,교통과,2026-06-01
37.86557,127.75522,정류장,우석중학교,강원특별자치도 춘천시 석사동 788,1,교통과,2026-06-01
37.89005,127.71944,정류장,호반A,강원특별자치도 춘천시 근화동 789-1,1,교통과,2026-06-01
37.78532,127.68748,정류장,혈동2리종점,강원특별자치도 춘천시 혈동리 729,1,교통과,2026-06-01
37.79427,127.68679,정류장,혈동2리,강원특별자치도 춘천시 혈동리 702,1,교통과,2026-06-01
37.8889,127.68737,정류장,현암리,강원특별자치도 춘천시 현암리 526-10,1,교통과,2026-06-01
37.90355,127.73827,정류장,강원도재활병원,강원특별자치도 춘천시 우두동 426-8,1,교통과,2026-06-01
37.84713,127.7664,정류장,신촌2리,강원특별자치도 춘천시 신촌리 346-82,1,교통과,2026-06-01
37.8815,127.73466,정류장,향교,강원특별자치도 춘천시 교동 136-8,1,교통과,2026-06-01
37.8707,127.72469,정류장,디아펠리즈,강원특별자치도 춘천시 효자1동 681-22,1,교통과,2026-06-01
37.92709,127.75584,정류장,율문2리,강원특별자치도 춘천시 율문리 271-11,1,교통과,2026-06-01
37.92947,127.76178,정류장,항공대정문,강원특별자치도 춘천시 율문리 63-3,1,교통과,2026-06-01
37.84742,127.7553,정류장,장애인종합복지관,강원특별자치도 춘천시 석사동 130-15,1,교통과,2026-06-01
37.88316,127.73725,정류장,한림대학교,강원특별자치도 춘천시 교동 11-154,1,교통과,2026-06-01
37.86925,127.72922,정류장,한국토지주택공사,강원특별자치도 춘천시 효자1동 671-22,1,교통과,2026-06-01
37.8835,127.74863,정류장,후평환승센터,강원특별자치도 춘천시 후평1동 772,1,교통과,2026-06-01
37.88354,127.74892,정류장,후평환승센터,강원특별자치도 춘천시 후평3동 727,1,교통과,2026-06-01
37.88225,127.72859,정류장,한국은행,강원특별자치도 춘천시 중앙로1가  60-1,1,교통과,2026-06-01
37.94024,127.72757,정류장,한계울마을,강원특별자치도 춘천시 신동 627-3,1,교통과,2026-06-01
37.83486,127.7603,정류장,학곡리종점,강원특별자치도 춘천시 학곡리 303-2,1,교통과,2026-06-01
37.83501,127.76041,정류장,학곡리종점,강원특별자치도 춘천시 학곡리 581-1,1,교통과,2026-06-01
37.91395,127.75496,정류장,하일종점,강원특별자치도 춘천시 장학리 578-1,1,교통과,2026-06-01
37.85607,127.73888,정류장,무릉공원,강원특별자치도 춘천시 석사동 811,1,교통과,2026-06-01
37.86456,127.70712,정류장,하사관주택,강원특별자치도 춘천시 삼천동 53-25,1,교통과,2026-06-01
37.88061,127.74948,정류장,포스코더샵A,강원특별자치도 춘천시 후평3동 700,1,교통과,2026-06-01
37.8817,127.74675,정류장,포스코후문,강원특별자치도 춘천시 후평1동 719,1,교통과,2026-06-01
37.88157,127.74696,정류장,포스코후문,강원특별자치도 춘천시 후평2동 719,1,교통과,2026-06-01
37.88162,127.7485,정류장,포스코더샵A,강원특별자치도 춘천시 후평2동 904,1,교통과,2026-06-01
37.81379,127.69825,정류장,팔미3리,강원특별자치도 춘천시 팔미리 348-4,1,교통과,2026-06-01
37.80964,127.69635,정류장,팔미3리,강원특별자치도 춘천시 팔미리 861-229,1,교통과,2026-06-01
37.82161,127.70436,정류장,팔미1리,강원특별자치도 춘천시 팔미리 245-5,1,교통과,2026-06-01
37.85054,127.74413,정류장,투탑시티,강원특별자치도 춘천시 퇴계동 1027,1,교통과,2026-06-01
37.85858,127.72502,정류장,퇴계현대1차,강원특별자치도 춘천시 퇴계동 916-2,1,교통과,2026-06-01
37.85792,127.72643,정류장,퇴계현대1차,강원특별자치도 춘천시 춘추로 162,1,교통과,2026-06-01
37.85945,127.72313,정류장,한진한성,강원특별자치도 춘천시 퇴계동 917,1,교통과,2026-06-01
37.8509,127.73544,정류장,홈플러스,강원특별자치도 춘천시 퇴계동 135-1,1,교통과,2026-06-01
37.84919,127.73898,정류장,퇴계한주A,강원특별자치도 춘천시 퇴계동 71-5,1,교통과,2026-06-01
37.84767,127.74083,정류장,퇴계주공9차,강원특별자치도 춘천시 퇴계동 1024,1,교통과,2026-06-01
37.84784,127.74092,정류장,퇴계주공7단지,강원특별자치도 춘천시 퇴계동 1023,1,교통과,2026-06-01
37.85115,127.74079,정류장,퇴계주공6차A,강원특별자치도 춘천시 퇴계동 1014-1,1,교통과,2026-06-01
37.85142,127.74157,정류장,퇴계주공6차,강원특별자치도 춘천시 퇴계동 996,1,교통과,2026-06-01
37.85122,127.74101,정류장,퇴계주공6차,강원특별자치도 춘천시 퇴계동 1014-1,1,교통과,2026-06-01
37.85436,127.74057,정류장,퇴계주공5차A,강원특별자치도 춘천시 거두리 936,1,교통과,2026-06-01
37.85361,127.74545,정류장,퇴계주공4차,강원특별자치도 춘천시 석사동 828,1,교통과,2026-06-01
37.85472,127.74608,정류장,퇴계주공4차,강원특별자치도 춘천시 석사동 828,1,교통과,2026-06-01
37.85578,127.74472,정류장,퇴계주공3.4차,강원특별자치도 춘천시 석사동 818,1,교통과,2026-06-01
37.85567,127.74437,정류장,퇴계주공3.4차,강원특별자치도 춘천시 석사동 818,1,교통과,2026-06-01
37.85841,127.7371,정류장,퇴계주공2차,강원특별자치도 춘천시 퇴계동 983,1,교통과,2026-06-01
37.85871,127.73698,정류장,퇴계주공1차,강원특별자치도 춘천시 퇴계동 969,1,교통과,2026-06-01
37.85962,127.72326,정류장,퇴계우체국,강원특별자치도 춘천시 퇴계동 884-1,1,교통과,2026-06-01
37.85998,127.73021,정류장,퇴계우성A,강원특별자치도 춘천시 퇴계동 384-21,1,교통과,2026-06-01
37.85931,127.72743,정류장,남부초교,강원특별자치도 춘천시 퇴계동 908-3,1,교통과,2026-06-01
37.8474,127.73264,정류장,퇴계농공단지입구,강원특별자치도 춘천시 퇴계동 483-2,1,교통과,2026-06-01
37.84907,127.73881,정류장,퇴계금호A,강원특별자치도 춘천시 퇴계동 945,1,교통과,2026-06-01
37.88312,127.74767,정류장,토우시장,강원특별자치도 춘천시 후평1동 704-4,1,교통과,2026-06-01
37.94627,127.69971,정류장,탑말,강원특별자치도 춘천시 서상리 259,1,교통과,2026-06-01
37.8805,127.74408,정류장,크로바A,강원특별자치도 춘천시 후평1동 719,1,교통과,2026-06-01
37.88071,127.74503,정류장,크로바A,강원특별자치도 춘천시 후평2동 719,1,교통과,2026-06-01
37.83657,127.71404,정류장,칠전동고개,강원특별자치도 춘천시 칠전동 216-5,1,교통과,2026-06-01
37.84246,127.71413,정류장,칠전동,강원특별자치도 춘천시 칠전동 554,1,교통과,2026-06-01
37.84142,127.71448,정류장,칠전동사거리,강원특별자치도 춘천시 칠전동 596,1,교통과,2026-06-01
37.84417,127.7118,정류장,칠전대우A,강원특별자치도 춘천시 칠전동 546-2,3,교통과,2026-06-01
37.84436,127.71177,정류장,칠전대우A,강원특별자치도 춘천시 칠전동 530,1,교통과,2026-06-01
37.91615,127.73935,정류장,충렬탑입구,강원특별자치도 춘천시 우두동 1-1,1,교통과,2026-06-01
37.91622,127.73914,정류장,충렬탑입구,강원특별자치도 춘천시 우두동 822,1,교통과,2026-06-01
37.94951,127.75408,정류장,월드온천,강원특별자치도 춘천시 산천리 310-13,1,교통과,2026-06-01
37.87608,127.72096,정류장,춘천초등학교,강원특별자치도 춘천시 중앙로3가 66-14,1,교통과,2026-06-01
37.87621,127.72084,정류장,춘천시보건소,강원특별자치도 춘천시 소양로4가  109-3,1,교통과,2026-06-01
37.87398,127.7181,정류장,춘천중학교정문,강원특별자치도 춘천시 근화동 710-13,1,교통과,2026-06-01
37.87487,127.71718,정류장,춘천중학교,강원특별자치도 춘천시 중앙로3가 719-8,1,교통과,2026-06-01
37.87527,127.71769,정류장,춘천중학교,강원특별자치도 춘천시 중앙로3가 709-3,1,교통과,2026-06-01
37.84021,127.75882,정류장,학곡2리,강원특별자치도 춘천시 학곡리 603-2,1,교통과,2026-06-01
37.87507,127.72986,정류장,현진에버빌3차,강원특별자치도 춘천시 효자1동 493,1,교통과,2026-06-01
37.88534,127.71792,정류장,춘천역환승센터,강원특별자치도 춘천시 근화동 143,1,교통과,2026-06-01
37.88164,127.73258,정류장,춘천시청별관,강원특별자치도 춘천시 교동 36,1,교통과,2026-06-01
37.85635,127.7548,정류장,성우오스타A,강원특별자치도 춘천시 거두리 1068,1,교통과,2026-06-01
37.85686,127.75944,정류장,거두리주공A,강원특별자치도 춘천시 거두리 1069,1,교통과,2026-06-01
37.77665,127.64391,정류장,창촌3리입구,강원특별자치도 춘천시 창촌리 산 40-2,1,교통과,2026-06-01
37.68338,127.64644,정류장,산수리논골,강원특별자치도 춘천시 산수리 470-13,1,교통과,2026-06-01
37.68636,127.64436,정류장,산수리논골,강원특별자치도 춘천시 산수리 470-11,1,교통과,2026-06-01
37.92304,127.6895,정류장,월송2리,강원특별자치도 춘천시 월송리 1011-4,1,교통과,2026-06-01
37.76066,127.7728,정류장,조양4리,강원특별자치도 춘천시 조양리 799-4,1,교통과,2026-06-01
38.05092,127.60286,정류장,대추나무골,강원특별자치도 춘천시 오탄리 632,1,교통과,2026-06-01
37.98846,127.70193,정류장,송암리,강원특별자치도 춘천시 고탄리 874,1,교통과,2026-06-01
37.95787,127.73048,정류장,지내보건소,강원특별자치도 춘천시 지내리 334-3,1,교통과,2026-06-01
37.8614,127.79021,정류장,거두리사거리,강원특별자치도 춘천시 거두리 299-5,1,교통과,2026-06-01
37.83104,127.76854,정류장,사암1리,강원특별자치도 춘천시 사암리 1293-1,1,교통과,2026-06-01
37.73887,127.62456,정류장,발산2리(치안센터),강원특별자치도 춘천시 발산리 246-2,1,교통과,2026-06-01
37.84328,127.73133,정류장,정족1리입구,강원특별자치도 춘천시 정족리 384-3,1,교통과,2026-06-01
37.86391,127.84825,정류장,(구)상걸초,강원특별자치도 춘천시 상걸리 348-1,1,교통과,2026-06-01
37.86617,127.83999,정류장,상걸교,강원특별자치도 춘천시 상걸리 601,1,교통과,2026-06-01
37.78508,127.65043,정류장,창촌1리,강원특별자치도 춘천시 창촌리 151-3,1,교통과,2026-06-01
37.75472,127.62234,정류장,후동1리,강원특별자치도 춘천시 후동리 254-4,1,교통과,2026-06-01
37.73592,127.69137,정류장,우러니입구,강원특별자치도 춘천시 광판리 777-1,1,교통과,2026-06-01
37.77349,127.6765,정류장,수동1리,강원특별자치도 춘천시 수동리 132-2,1,교통과,2026-06-01
37.98376,127.89647,정류장,천리터,강원특별자치도 춘천시 오항리 210-12,1,교통과,2026-06-01
38.03518,127.86793,정류장,추곡터널,강원특별자치도 춘천시 추곡리 898-1,1,교통과,2026-06-01
37.83402,127.59912,정류장,당림리,강원특별자치도 춘천시 안보리 산 6-1,1,교통과,2026-06-01
37.98016,127.69175,정류장,해피초원목장,강원특별자치도 춘천시 고탄리 산 50-23,1,교통과,2026-06-01
37.97477,127.598,정류장,눈썰매장입구,강원특별자치도 춘천시 지암리 619-13,1,교통과,2026-06-01
37.97932,127.60439,정류장,지암리,강원특별자치도 춘천시 지암리 418-4,1,교통과,2026-06-01
37.97671,127.62906,정류장,지암리,강원특별자치도 춘천시 지암리 68-20,1,교통과,2026-06-01
37.96041,127.68148,정류장,용산2리,강원특별자치도 춘천시 용산리 691,1,교통과,2026-06-01
37.96037,127.68184,정류장,용산2리,강원특별자치도 춘천시 용산리 686-3,1,교통과,2026-06-01
37.93913,127.7142,정류장,용산1리,강원특별자치도 춘천시 용산리 268-3,1,교통과,2026-06-01
37.9109,127.72266,정류장,사농현대A,강원특별자치도 춘천시 사농동 369-10,1,교통과,2026-06-01
37.83238,127.76319,정류장,학곡리,강원특별자치도 춘천시 학곡리 32-5,1,교통과,2026-06-01
37.84985,127.74413,정류장,뜨란채A,강원특별자치도 춘천시 퇴계동 1027,1,교통과,2026-06-01
37.85983,127.7311,정류장,퇴계우성A,강원특별자치도 춘천시 퇴계동 384-21,1,교통과,2026-06-01
37.75565,127.74044,정류장,군자3리,강원특별자치도 춘천시 군자리 792-6,1,교통과,2026-06-01
37.74318,127.8295,정류장,조양3리,강원특별자치도 춘천시 조양리 229-2,1,교통과,2026-06-01
37.78754,127.75197,정류장,전인고등학교,강원특별자치도 춘천시 원창리 923-21,1,교통과,2026-06-01
37.87617,127.77542,정류장,대형약국,강원특별자치도 춘천시 만천리 278-25,1,교통과,2026-06-01
37.92827,127.75154,정류장,한샘고후문,강원특별자치도 춘천시 율문리 318-6,1,교통과,2026-06-01
37.92539,127.75205,정류장,춘천한샘고등학교,강원특별자치도 춘천시 율문리 909-6,1,교통과,2026-06-01
37.92521,127.7511,정류장,춘천한샘고등학교,강원특별자치도 춘천시 율문리 293,1,교통과,2026-06-01
37.86465,127.75281,정류장,박물관후문,강원특별자치도 춘천시 석사동 95-3,1,교통과,2026-06-01
37.86365,127.75129,정류장,춘천박물관,강원특별자치도 춘천시 석사동 758,1,교통과,2026-06-01
37.97401,127.66642,정류장,춘천댐종점,강원특별자치도 춘천시 오월리 산 12-17,1,교통과,2026-06-01
37.88365,127.72328,정류장,춘천농협,강원특별자치도 춘천시 소양로3가 110-4,1,교통과,2026-06-01
37.88446,127.72337,정류장,춘천농협,강원특별자치도 춘천시 소양로2가  156-23,1,교통과,2026-06-01
37.90775,127.72374,정류장,소양고등학교,강원특별자치도 춘천시 사농동 112-5,3,교통과,2026-06-01
37.90781,127.72351,정류장,소양고등학교,강원특별자치도 춘천시 사농동 122,3,교통과,2026-06-01
37.89111,127.749,정류장,춘천기계공고,강원특별자치도 춘천시 후평1동 257-4,1,교통과,2026-06-01
37.85823,127.7464,정류장,교육대학교,강원특별자치도 춘천시 석사동 339,1,교통과,2026-06-01
38.02428,127.88333,정류장,추곡초교,강원특별자치도 춘천시 추곡리 560-3,1,교통과,2026-06-01
38.03586,127.88815,정류장,추곡약수터,강원특별자치도 춘천시 추곡리 138-5,1,교통과,2026-06-01
37.74752,127.6535,정류장,추곡리2반,강원특별자치도 춘천시 추곡리 269-7,1,교통과,2026-06-01
38.0274,127.88297,정류장,북산치안센터,강원특별자치도 춘천시 추곡리 577-10,1,교통과,2026-06-01
38.02754,127.88309,정류장,북산치안센터,강원특별자치도 춘천시 추곡리 산 206-1,1,교통과,2026-06-01
37.74964,127.65319,정류장,추곡1리,강원특별자치도 춘천시 추곡리 74-3,1,교통과,2026-06-01
37.74478,127.6504,정류장,추곡리,강원특별자치도 춘천시 추곡리 361-2,1,교통과,2026-06-01
37.74494,127.65077,정류장,추곡3거리,강원특별자치도 춘천시 추곡리 236-4,1,교통과,2026-06-01
38.0135,127.88095,정류장,추곡1리1반,강원특별자치도 춘천시 추곡리 358-1,1,교통과,2026-06-01
38.03353,127.87726,정류장,추곡2리,강원특별자치도 춘천시 추곡리 654-8,1,교통과,2026-06-01
37.98155,127.694,정류장,고탄낚시터,강원특별자치도 춘천시 고탄리 산50-25,1,교통과,2026-06-01
37.88122,127.71365,정류장,청와A,강원특별자치도 춘천시 근화동 741-9,1,교통과,2026-06-01
37.87338,127.75833,정류장,청실A,강원특별자치도 춘천시 후평3동 887,1,교통과,2026-06-01
37.87322,127.75856,정류장,청실A,강원특별자치도 춘천시 후평3동 884,1,교통과,2026-06-01
37.99337,127.88144,정류장,오항2리,강원특별자치도 춘천시 오항리 527-10,1,교통과,2026-06-01
37.87004,127.75432,정류장,청구/동아A,강원특별자치도 춘천시 석사동 727-7,1,교통과,2026-06-01
37.87026,127.75433,정류장,동아/청구A,강원특별자치도 춘천시 후평3동 900,1,교통과,2026-06-01
37.92991,127.78027,정류장,천전3리,강원특별자치도 춘천시 천전리 126-10,1,교통과,2026-06-01
37.9305,127.77287,정류장,춘천국유림관리소,강원특별자치도 춘천시 천전리 708-5,1,교통과,2026-06-01
37.93712,127.77524,정류장,천전1리,강원특별자치도 춘천시 천전리 603-4,1,교통과,2026-06-01
37.7767,127.62608,정류장,창촌3리종점,강원특별자치도 춘천시 창촌리 626,1,교통과,2026-06-01
37.89841,127.66762,정류장,방동1리,강원특별자치도 춘천시 방동리 1008-3,1,교통과,2026-06-01
37.89697,127.67012,정류장,방동1리,강원특별자치도 춘천시 방동리 1008-3,1,교통과,2026-06-01
37.8959,127.67276,정류장,방동1리,강원특별자치도 춘천시 방동리 1008-1,1,교통과,2026-06-01
37.89567,127.67526,정류장,방동1리,강원특별자치도 춘천시 방동리 1008-3,1,교통과,2026-06-01
37.8028,127.6377,정류장,방곡리,강원특별자치도 춘천시 방곡리 321-2,1,교통과,2026-06-01
37.79127,127.63585,정류장,방곡2리회관,강원특별자치도 춘천시 방곡리 산 103,1,교통과,2026-06-01
37.98898,127.71331,정류장,고탄리(성탄교앞),강원특별자치도 춘천시 고탄리 102-10,1,교통과,2026-06-01
37.83593,127.58463,정류장,안보1리,강원특별자치도 춘천시 안보리 146-8,1,교통과,2026-06-01
37.83576,127.58439,정류장,안보1리,강원특별자치도 춘천시 안보리 146-10,1,교통과,2026-06-01
37.85597,127.75209,정류장,거두리부영A,강원특별자치도 춘천시 거두리 923,1,교통과,2026-06-01
37.85614,127.75486,정류장,성우오스타A,강원특별자치도 춘천시 거두리 1068,1,교통과,2026-06-01
37.86109,127.78736,정류장,거두2리마을회관,강원특별자치도 춘천시 거두리 887-1,1,교통과,2026-06-01
37.8604,127.78333,정류장,거두2리,강원특별자치도 춘천시 거두리 887-1,1,교통과,2026-06-01
37.86041,127.77795,정류장,거두2리,강원특별자치도 춘천시 거두리 887-6,1,교통과,2026-06-01
37.82031,127.6308,정류장,강촌입구,강원특별자치도 춘천시 당림리 산 1-8,1,교통과,2026-06-01
37.81361,127.63361,정류장,강촌유원지,강원특별자치도 춘천시 강촌리 242,1,교통과,2026-06-01
37.82571,127.62263,정류장,강촌검문소,강원특별자치도 춘천시 당림리 315-5,1,교통과,2026-06-01
37.82565,127.6222,정류장,강촌검문소,강원특별자치도 춘천시 당림리 315-13,1,교통과,2026-06-01
37.91229,127.73925,정류장,폴리텍2캠퍼스,강원특별자치도 춘천시 우두동 503-3,1,교통과,2026-06-01
37.88255,127.72851,정류장,강원일보,강원특별자치도 춘천시 요선동  7-7,1,교통과,2026-06-01
37.87276,127.74417,정류장,강원대후문,강원특별자치도 춘천시 효자3동 627-15,1,교통과,2026-06-01
37.87289,127.74425,정류장,강원대후문,강원특별자치도 춘천시 효자3동 628-10,1,교통과,2026-06-01
37.87471,127.74292,정류장,강원대학병원,강원특별자치도 춘천시 효자3동 624-3,1,교통과,2026-06-01
37.86416,127.73627,정류장,춘천사회혁신센터,강원특별자치도 춘천시 효자2동 303-14,1,교통과,2026-06-01
37.86554,127.73507,정류장,병무청앞,강원특별자치도 춘천시 효자2동 310-13,1,교통과,2026-06-01
37.89177,127.75317,정류장,강동농협장학지점,강원특별자치도 춘천시 후평1동 181-5,1,교통과,2026-06-01
37.89509,127.75584,정류장,강원중학교,강원특별자치도 춘천시 장학리 산 36-4,1,교통과,2026-06-01
37.90538,127.70055,정류장,애니고등학교,강원특별자치도 춘천시 금산리 589-4,1,교통과,2026-06-01
37.90526,127.70064,정류장,애니고등학교,강원특별자치도 춘천시 금산리 589-5,1,교통과,2026-06-01
37.86586,127.72006,정류장,춘천우체국,강원특별자치도 춘천시 온의동 152-5,2,교통과,2026-06-01
37.90167,127.80645,정류장,감정2리3반,강원특별자치도 춘천시 감정리 120,1,교통과,2026-06-01
37.90242,127.79254,정류장,감정2리,강원특별자치도 춘천시 감정리 256-7,1,교통과,2026-06-01
37.89637,127.78992,정류장,감정1리마을회관,강원특별자치도 춘천시 감정리 540-1,1,교통과,2026-06-01
37.73722,127.57466,정류장,가정진료소,강원특별자치도 춘천시 가정리 1224-1,1,교통과,2026-06-01
37.76075,127.56749,정류장,가정3리,강원특별자치도 춘천시 가정리 261-4,1,교통과,2026-06-01
37.74812,127.57312,정류장,가정2리,강원특별자치도 춘천시 가정리 998-10,1,교통과,2026-06-01
37.748,127.5732,정류장,가정2리,강원특별자치도 춘천시 가정리 1057-1,1,교통과,2026-06-01
37.73177,127.57901,정류장,가정1리,강원특별자치도 춘천시 가정리 873-5,1,교통과,2026-06-01
37.7368,127.61976,정류장,가재골,강원특별자치도 춘천시 발산리 233-5,1,교통과,2026-06-01
37.73675,127.61987,정류장,가재골,강원특별자치도 춘천시 발산리 229-4,1,교통과,2026-06-01
37.87525,127.73498,정류장,팔호광장,강원특별자치도 춘천시 효자2동 715,1,교통과,2026-06-01
37.94078,127.7124,정류장,(구)102보충대,강원특별자치도 춘천시 용산리 244,1,교통과,2026-06-01
37.87927,127.75044,정류장,신한은행후평동지점,강원특별자치도 춘천시 후평3동 700,1,교통과,2026-06-01
37.87954,127.75001,정류장,충인교회,강원특별자치도 춘천시 후평2동 781,1,교통과,2026-06-01
37.78727,127.6482,정류장,창촌3거리,강원특별자치도 춘천시 창촌리 147-6,1,교통과,2026-06-01
37.78712,127.64813,정류장,창촌3거리,강원특별자치도 춘천시 창촌리 136-3,1,교통과,2026-06-01
37.77607,127.63417,정류장,기와집골,강원특별자치도 춘천시 창촌리 616,1,교통과,2026-06-01
37.8985,127.76794,정류장,장학1리,강원특별자치도 춘천시 장학리 96-6,1,교통과,2026-06-01
37.88563,127.71608,정류장,춘천역육교앞,강원특별자치도 춘천시 근화동 595-4,1,교통과,2026-06-01
37.85834,127.7076,정류장,호반요양병원,강원특별자치도 춘천시 삼천동 산 36-2,1,교통과,2026-06-01
37.88109,127.72659,정류장,인성병원,강원특별자치도 춘천시 소양로3가 179-7,1,교통과,2026-06-01
37.88108,127.72618,정류장,소양로우체국,강원특별자치도 춘천시 소양로3가  180-3,1,교통과,2026-06-01
37.98567,127.65946,정류장,인람종점,강원특별자치도 춘천시 인람리 312-4,1,교통과,2026-06-01
37.83186,127.67943,정류장,의암리본마을,강원특별자치도 춘천시 의암리 288-1,1,교통과,2026-06-01
37.74341,127.5721,정류장,의암류인석유적지,강원특별자치도 춘천시 가정리 1102-1,1,교통과,2026-06-01
37.83792,127.67719,정류장,의암댐,강원특별자치도 춘천시 의암리 산85-2,1,교통과,2026-06-01
37.82721,127.6696,정류장,의암교차로,강원특별자치도 춘천시 덕두원리 66-4,1,교통과,2026-06-01
37.8267,127.68273,정류장,의암,강원특별자치도 춘천시 의암리 122-10,1,교통과,2026-06-01
37.86153,127.72053,정류장,열린공원,강원특별자치도 춘천시 온의동 526-5,1,교통과,2026-06-01
37.86195,127.71969,정류장,은행나무공원,강원특별자치도 춘천시 춘주로 96,1,교통과,2026-06-01
37.93048,127.75151,정류장,강원테크노파크,강원특별자치도 춘천시 율문리 944,1,교통과,2026-06-01
37.92584,127.74357,정류장,율문1리,강원특별자치도 춘천시 율문리 556-2,1,교통과,2026-06-01
37.91756,127.72119,정류장,육림공원,강원특별자치도 춘천시 사농동 292-1,1,교통과,2026-06-01
37.87721,127.73044,정류장,육림고개,강원특별자치도 춘천시 운교동 169-25,1,교통과,2026-06-01
37.87717,127.73071,정류장,육림고개,강원특별자치도 춘천시 운교동 168,1,교통과,2026-06-01
37.94913,127.77662,정류장,유포리회관,강원특별자치도 춘천시 유포리 113-7,1,교통과,2026-06-01
37.86189,127.73105,정류장,유승한내들,강원특별자치도 춘천시 퇴계동 1041,1,교통과,2026-06-01
37.86192,127.73137,정류장,유승한내들,강원특별자치도 춘천시 퇴계동 1132,1,교통과,2026-06-01
37.93244,127.79216,정류장,윗샘밭종점,강원특별자치도 춘천시 천전리 212-46,1,교통과,2026-06-01
37.92494,127.721,정류장,위도입구,강원특별자치도 춘천시 사농동 281,1,교통과,2026-06-01
37.93014,127.68734,정류장,월송1리,강원특별자치도 춘천시 월송리 1247,1,교통과,2026-06-01
37.91858,127.80165,정류장,월곡리,강원특별자치도 춘천시 월곡리 산 163,1,교통과,2026-06-01
38.00193,127.6275,정류장,샛강쉼터,강원특별자치도 춘천시 원평리 515-3,1,교통과,2026-06-01
38.00274,127.63334,정류장,원평마을,강원특별자치도 춘천시 원평리 406-20,1,교통과,2026-06-01
37.78081,127.76449,정류장,원창5리,강원특별자치도 춘천시 원창리 753-3,1,교통과,2026-06-01
37.80956,127.77007,정류장,원창4리,강원특별자치도 춘천시 원창리 203-6,1,교통과,2026-06-01
37.78941,127.76418,정류장,원창3리,강원특별자치도 춘천시 원창리 812-3,1,교통과,2026-06-01
37.80338,127.7736,정류장,원창2리,강원특별자치도 춘천시 원창리 111-10,1,교통과,2026-06-01
37.79759,127.77401,정류장,폴리텍대학,강원특별자치도 춘천시 원창리 333-8,1,교통과,2026-06-01
37.80374,127.77365,정류장,원창2리,강원특별자치도 춘천시 원창리 118-5,1,교통과,2026-06-01
37.76643,127.7823,정류장,봉명리,강원특별자치도 춘천시 봉명리 1114,1,교통과,2026-06-01
37.76676,127.76685,정류장,원무골,강원특별자치도 춘천시 조양리 806,1,교통과,2026-06-01
37.865,127.75018,정류장,우석초교,강원특별자치도 춘천시 석사동 754,1,교통과,2026-06-01
37.86696,127.75605,정류장,그랜드A,강원특별자치도 춘천시 석사동 783,1,교통과,2026-06-01
37.94622,127.70724,정류장,용산3리,강원특별자치도 춘천시 용산리 352,1,교통과,2026-06-01
37.94581,127.70734,정류장,용산3리,강원특별자치도 춘천시 용산리 357-7,1,교통과,2026-06-01
37.96261,127.67859,정류장,한강수력본부,강원특별자치도 춘천시 용산리 717-3,1,교통과,2026-06-01
37.94281,127.71089,정류장,용산1리,강원특별자치도 춘천시 용산리 314-2,1,교통과,2026-06-01
37.94273,127.71066,정류장,용산1리,강원특별자치도 춘천시 용산리 311-3,1,교통과,2026-06-01
37.92627,127.73737,정류장,올미종점,강원특별자치도 춘천시 신동 340-1,1,교통과,2026-06-01
37.92141,127.73839,정류장,여우고개,강원특별자치도 춘천시 신동 66-4,1,교통과,2026-06-01
37.86578,127.72134,정류장,온의사거리,강원특별자치도 춘천시 온의동 21-42,1,교통과,2026-06-01
37.86734,127.71739,정류장,풍물시장,강원특별자치도 춘천시 온의동 545-4,2,교통과,2026-06-01
37.86657,127.71821,정류장,럭키A,강원특별자치도 춘천시 온의동 148-11,1,교통과,2026-06-01
37.87329,127.72014,정류장,미소지움/방송대,강원특별자치도 춘천시 근화동 715,1,교통과,2026-06-01
37.86888,127.71614,정류장,온의금호1차,강원특별자치도 춘천시 온의동 65-31,2,교통과,2026-06-01
37.86872,127.71582,정류장,온의금호1차,강원특별자치도 춘천시 온의동 571,1,교통과,2026-06-01
37.91617,127.78225,정류장,지내1리(옥광산입구),강원특별자치도 춘천시 지내리 279-1,1,교통과,2026-06-01
38.04268,127.62197,정류장,오탄1리,강원특별자치도 춘천시 오탄리 195-2,1,교통과,2026-06-01
38.04171,127.601,정류장,오탄3리종점,강원특별자치도 춘천시 오탄리 산 107,1,교통과,2026-06-01
38.05404,127.59509,정류장,오탄2리,강원특별자치도 춘천시 오탄리 산 65-7,1,교통과,2026-06-01
38.04686,127.61601,정류장,오탄1리,강원특별자치도 춘천시 오탄리 505-9,1,교통과,2026-06-01
37.98015,127.64218,정류장,오월유원지,강원특별자치도 춘천시 오월리 193,1,교통과,2026-06-01
37.98354,127.64466,정류장,오월교입구,강원특별자치도 춘천시 오월리 157,1,교통과,2026-06-01
37.95059,127.75563,정류장,오동초등학교,강원특별자치도 춘천시 산천리 310-6,1,교통과,2026-06-01
37.85613,127.74853,정류장,여성가족연구원,강원특별자치도 춘천시 석사동 316-10,1,교통과,2026-06-01
37.85577,127.74872,정류장,여성가족연구원,강원특별자치도 춘천시 석사동 691,1,교통과,2026-06-01
37.85124,127.743,정류장,퇴계주공6단지,강원특별자치도 춘천시 석사동 870,1,교통과,2026-06-01
37.85034,127.74735,정류장,현진에버빌1차,강원특별자치도 춘천시 석사동 895,1,교통과,2026-06-01
37.87141,127.70168,정류장,상상마당입구,강원특별자치도 춘천시 삼천동 194-1,1,교통과,2026-06-01
37.86831,127.73052,정류장,양우A,강원특별자치도 춘천시 효자2동 699-12,1,교통과,2026-06-01
37.86796,127.73154,정류장,양우A,강원특별자치도 춘천시 효자2동 701,1,교통과,2026-06-01
37.87212,127.72306,정류장,모아엘가A,강원특별자치도 춘천시 약사동 160-17,1,교통과,2026-06-01
37.87205,127.72362,정류장,모아엘가A,강원특별자치도 춘천시 약사동 161,1,교통과,2026-06-01
37.87971,127.72668,정류장,명동입구,강원특별자치도 춘천시 중앙로2가  90,1,교통과,2026-06-01
37.89184,127.68983,정류장,현암리,강원특별자치도 춘천시 현암리 309-1,1,교통과,2026-06-01
37.89259,127.68997,정류장,애니메이션박물관,강원특별자치도 춘천시 현암리 842,1,교통과,2026-06-01
37.84263,127.56753,정류장,안보2리입구,강원특별자치도 춘천시 안보리 698-10,1,교통과,2026-06-01
37.83785,127.57698,정류장,탑동마을,강원특별자치도 춘천시 안보리 620-5,1,교통과,2026-06-01
38.02611,127.63991,정류장,신포중학교,강원특별자치도 춘천시 신포리 374-2,1,교통과,2026-06-01
38.01657,127.63411,정류장,신포리,강원특별자치도 춘천시 신포리 468-1,1,교통과,2026-06-01
38.01666,127.63403,정류장,신포리,강원특별자치도 춘천시 신포리 486,1,교통과,2026-06-01
38.02516,127.64,정류장,신포1리,강원특별자치도 춘천시 신포리 330-21,1,교통과,2026-06-01
37.85409,127.77998,정류장,신촌1리,강원특별자치도 춘천시 신촌리 147-3,1,교통과,2026-06-01
37.84892,127.75825,정류장,신촌3리,강원특별자치도 춘천시 신촌리 569-2,1,교통과,2026-06-01
37.85009,127.77069,정류장,신촌1리,강원특별자치도 춘천시 신촌리 337-6,1,교통과,2026-06-01
37.85369,127.77606,정류장,신촌1리,강원특별자치도 춘천시 신촌리 220-9,1,교통과,2026-06-01
37.86895,127.75254,정류장,청구/진흥A,강원특별자치도 춘천시 효자2동 192-1,1,교통과,2026-06-01
37.8691,127.75274,정류장,청구/진흥A,강원특별자치도 춘천시 석사동 727-7,1,교통과,2026-06-01
38.0452,127.64509,정류장,현지사,강원특별자치도 춘천시 지촌리 산 28,1,교통과,2026-06-01
38.03365,127.64059,정류장,지촌3리,강원특별자치도 춘천시 지촌리 430-1,1,교통과,2026-06-01
38.05061,127.64283,정류장,지촌2리,강원특별자치도 춘천시 지촌리 산 16,1,교통과,2026-06-01
38.05049,127.64272,정류장,지촌2리,강원특별자치도 춘천시 지촌리 238-1,1,교통과,2026-06-01
37.87721,127.75193,정류장,우미린후문,강원특별자치도 춘천시 후평2동 795-12,1,교통과,2026-06-01
37.87803,127.7511,정류장,한국국토정보공사,강원특별자치도 춘천시 후평2동 67-9,1,교통과,2026-06-01
37.98174,127.609,정류장,지암산천마을,강원특별자치도 춘천시 지암리 638,1,교통과,2026-06-01
37.97533,127.59526,정류장,지암2교,강원특별자치도 춘천시 지암리 460-2,1,교통과,2026-06-01
37.97705,127.63584,정류장,지암리,강원특별자치도 춘천시 지암리 13-1,1,교통과,2026-06-01
37.9501,127.73064,정류장,지내리,강원특별자치도 춘천시 지내리 986-23,1,교통과,2026-06-01
37.91725,127.78461,정류장,지내2리,강원특별자치도 춘천시 지내리 708-1,1,교통과,2026-06-01
37.96196,127.7305,정류장,지내1리마을회관,강원특별자치도 춘천시 지내리 37-7,1,교통과,2026-06-01
37.91172,127.78176,정류장,지내1리,강원특별자치도 춘천시 지내리 237-8,1,교통과,2026-06-01
37.80757,127.70996,정류장,증2리,강원특별자치도 춘천시 증리 산 101-2,1,교통과,2026-06-01
37.85456,127.73726,정류장,중앙하이츠1차,강원특별자치도 춘천시 퇴계동 183-7,1,교통과,2026-06-01
37.85445,127.73673,정류장,중앙하이츠1차,강원특별자치도 춘천시 퇴계동 183-8,1,교통과,2026-06-01
37.87749,127.7242,정류장,중앙시장환승센터,강원특별자치도 춘천시 중앙로3가 60-8,3,교통과,2026-06-01
37.87835,127.72499,정류장,중앙시장/중앙초교,강원특별자치도 춘천시 중앙로2가  55-3,1,교통과,2026-06-01
37.8785,127.72548,정류장,중앙시장,강원특별자치도 춘천시 중앙로2가 59,1,교통과,2026-06-01
37.87178,127.69724,정류장,중도선착장,강원특별자치도 춘천시 삼천동 290-2,1,교통과,2026-06-01
37.87749,127.74849,정류장,일성트루엘A,강원특별자치도 춘천시 후평2동 67-3,1,교통과,2026-06-01
37.86824,127.7228,정류장,KBS방송국,강원특별자치도 춘천시 퇴계동 739-5,1,교통과,2026-06-01
37.86765,127.72272,정류장,KBS방송국,강원특별자치도 춘천시 퇴계동 729-5,1,교통과,2026-06-01
37.75584,127.78372,정류장,조양4리,강원특별자치도 춘천시 조양리 765-9,1,교통과,2026-06-01
37.75576,127.78467,정류장,조양4리,강원특별자치도 춘천시 조양리 766-2,1,교통과,2026-06-01
37.75766,127.77867,정류장,신세계주유소,강원특별자치도 춘천시 조양리 868-8,1,교통과,2026-06-01
37.87307,127.71386,정류장,조각공원,강원특별자치도 춘천시 근화동 322-3,1,교통과,2026-06-01
37.83375,127.72904,정류장,정족2리입구,강원특별자치도 춘천시 증리 716-4,1,교통과,2026-06-01
37.83153,127.73447,정류장,정족2리,강원특별자치도 춘천시 정족리 1070,1,교통과,2026-06-01
37.83221,127.67396,정류장,사천왕사,강원특별자치도 춘천시 덕두원리 산 164-12,1,교통과,2026-06-01
37.88888,127.74928,정류장,정부합동청사,강원특별자치도 춘천시 후평1동 243-3,1,교통과,2026-06-01
37.86151,127.70706,정류장,정법사,강원특별자치도 춘천시 삼천동 83,1,교통과,2026-06-01
37.79489,127.64248,정류장,방곡1리,강원특별자치도 춘천시 방곡리 2-4,1,교통과,2026-06-01
37.80042,127.63871,정류장,방곡1리,강원특별자치도 춘천시 방곡리 325-12,1,교통과,2026-06-01
37.79751,127.63981,정류장,방곡1리,강원특별자치도 춘천시 방곡리 292-16,1,교통과,2026-06-01
37.73898,127.62421,정류장,발산치안센터,강원특별자치도 춘천시 발산리 248-10,1,교통과,2026-06-01
37.73875,127.63129,정류장,발산2리,강원특별자치도 춘천시 발산리 49-4,1,교통과,2026-06-01
37.95991,127.75559,정류장,발산1리,강원특별자치도 춘천시 발산리 640-1,1,교통과,2026-06-01
37.95119,127.74721,정류장,발산1리,강원특별자치도 춘천시 산천리 323-7,1,교통과,2026-06-01
37.74579,127.71021,정류장,광판2리,강원특별자치도 춘천시 광판리 1178-1,1,교통과,2026-06-01
37.7413,127.57241,정류장,가정1리회관앞,강원특별자치도 춘천시 가정리 1135-1,1,교통과,2026-06-01
37.87352,127.73406,정류장,동부새마을금고,강원특별자치도 춘천시 효자2동 121,1,교통과,2026-06-01
37.873,127.7269,정류장,문화예술회관,강원특별자치도 춘천시 효자1동 714,1,교통과,2026-06-01
37.87294,127.72712,정류장,문화예술회관,강원특별자치도 춘천시 효자1동 536-1,1,교통과,2026-06-01
37.76754,127.76566,정류장,모래재,강원특별자치도 춘천시 조양리 산 132-7,1,교통과,2026-06-01
37.89998,127.73468,정류장,명진학교,강원특별자치도 춘천시 우두동 401,1,교통과,2026-06-01
37.88324,127.6295,정류장,덕두2리종점,강원특별자치도 춘천시 덕두원리 산 163-5,1,교통과,2026-06-01
37.87912,127.72627,정류장,명동입구,강원특별자치도 춘천시 중앙로2가  86,1,교통과,2026-06-01
37.85446,127.71029,정류장,춘천예비군훈련장,강원특별자치도 춘천시 온의동 436-2,1,교통과,2026-06-01
37.9455,127.75158,정류장,면허시험장입구,강원특별자치도 춘천시 산천리 216-18,1,교통과,2026-06-01
37.87965,127.76532,정류장,스위첸A,강원특별자치도 춘천시 만천리 589-3,1,교통과,2026-06-01
37.87955,127.76572,정류장,스위첸A,강원특별자치도 춘천시 만천리 614-10,1,교통과,2026-06-01
37.88526,127.74947,정류장,동광오거리,강원특별자치도 춘천시 후평1동 721-18,1,교통과,2026-06-01
37.8847,127.74947,정류장,동광오거리,강원특별자치도 춘천시 후평3동 729-2,1,교통과,2026-06-01
37.87603,127.78538,정류장,만천리종점,강원특별자치도 춘천시 만천리 125-4,1,교통과,2026-06-01
37.8817,127.761,정류장,동면만천농협,강원특별자치도 춘천시 만천리 877-1,1,교통과,2026-06-01
37.88192,127.76073,정류장,동면만천농협,강원특별자치도 춘천시 만천리 877-2,1,교통과,2026-06-01
37.87503,127.77814,정류장,만천3리마을회관,강원특별자치도 춘천시 만천리 296,1,교통과,2026-06-01
37.88269,127.75814,정류장,만천초교,강원특별자치도 춘천시 만천리 151-3,1,교통과,2026-06-01
37.87767,127.77059,정류장,만천로입구,강원특별자치도 춘천시 만천리 466-10,1,교통과,2026-06-01
37.88264,127.75862,정류장,만천초교,강원특별자치도 춘천시 만천리 823-1,1,교통과,2026-06-01
37.8852,127.75593,정류장,양지교,강원특별자치도 춘천시 만천리 796-1,1,교통과,2026-06-01
37.88547,127.75561,정류장,양지교,강원특별자치도 춘천시 만천리 795-8,1,교통과,2026-06-01
37.86569,127.69244,정류장,마삼래,강원특별자치도 춘천시 삼천동 377-22,1,교통과,2026-06-01
37.8538,127.71512,정류장,가압펌프장,강원특별자치도 춘천시 온의동 345-3,1,교통과,2026-06-01
37.89953,127.73082,정류장,삼성동부A,강원특별자치도 춘천시 우두동 1068,1,교통과,2026-06-01
37.89971,127.73087,정류장,롯데인벤스,강원특별자치도 춘천시 우두동 699-6,1,교통과,2026-06-01
37.85561,127.75154,정류장,거두리부영A,강원특별자치도 춘천시 거두리 923,1,교통과,2026-06-01
37.85424,127.75054,정류장,로데오거리,강원특별자치도 춘천시 석사동 1-1,1,교통과,2026-06-01
37.82486,127.66078,정류장,삼악산,강원특별자치도 춘천시 덕두원리 112-5,1,교통과,2026-06-01
37.82498,127.66041,정류장,삼악산,강원특별자치도 춘천시 덕두원리  산 174-7(임야),1,교통과,2026-06-01
37.90202,127.72821,정류장,두미르A,강원특별자치도 춘천시 우두동 691-13,1,교통과,2026-06-01
37.90265,127.72739,정류장,두미르A,강원특별자치도 춘천시 우두동 742-1,1,교통과,2026-06-01
37.75226,127.79126,정류장,동산중학교,강원특별자치도 춘천시 동산면 703-1,1,교통과,2026-06-01
37.88921,127.74211,정류장,동산A,강원특별자치도 춘천시 후평1동 719,1,교통과,2026-06-01
37.88913,127.7425,정류장,소방서,강원특별자치도 춘천시 후평1동 257-31,1,교통과,2026-06-01
37.7541,127.79587,정류장,동산면행복센터,강원특별자치도 춘천시 조양리 350-2,1,교통과,2026-06-01
37.87632,127.73345,정류장,동부시장,강원특별자치도 춘천시 운교동 181-11,1,교통과,2026-06-01
37.87659,127.73428,정류장,동부시장,강원특별자치도 춘천시 운교동 182-6,1,교통과,2026-06-01
37.86179,127.74215,정류장,동보A,강원특별자치도 춘천시 석사동 417-3,1,교통과,2026-06-01
37.88372,127.74108,정류장,동보빌리지,강원특별자치도 춘천시 후평1동 846-3,1,교통과,2026-06-01
37.90403,127.78037,정류장,동면치안센터,강원특별자치도 춘천시 감정리 399-25,1,교통과,2026-06-01
37.90414,127.78038,정류장,동면치안센터,강원특별자치도 춘천시 감정리 399-10,1,교통과,2026-06-01
37.91363,127.78227,정류장,동면지내리,강원특별자치도 춘천시 지내리 299-2,1,교통과,2026-06-01
37.89373,127.75823,정류장,노루묵저수지,강원특별자치도 춘천시 장학리 233-7,1,교통과,2026-06-01
37.90997,127.78136,정류장,동면행정복지센터,강원특별자치도 춘천시 지내리 209-26,1,교통과,2026-06-01
37.85042,127.76572,정류장,동내초교,강원특별자치도 춘천시 신촌리 673,1,교통과,2026-06-01
37.88988,127.75171,정류장,동광주유소,강원특별자치도 춘천시 후평1동 175-25,1,교통과,2026-06-01
37.82722,127.67006,정류장,덕두원3리,강원특별자치도 춘천시 덕두원리 83-4,1,교통과,2026-06-01
37.86598,127.65555,정류장,명월제1교,강원특별자치도 춘천시 덕두원리 447-1,1,교통과,2026-06-01
37.85363,127.66185,정류장,봉덕사입구,강원특별자치도 춘천시 덕두원리 277-5,1,교통과,2026-06-01
37.85449,127.66647,정류장,버덩마을,강원특별자치도 춘천시 덕두원리 790,1,교통과,2026-06-01
37.85259,127.66893,정류장,덕두원1리2반,강원특별자치도 춘천시 덕두원리 166-9,1,교통과,2026-06-01
37.84817,127.74366,정류장,대룡중학교,강원특별자치도 춘천시 퇴계동 1027,1,교통과,2026-06-01
37.83079,127.61541,정류장,당림2리,강원특별자치도 춘천시 당림리 375-1,1,교통과,2026-06-01
37.83037,127.61526,정류장,당림2리,강원특별자치도 춘천시 당림리 377-2,1,교통과,2026-06-01
37.90056,127.73559,정류장,농업기술원,강원특별자치도 춘천시 우두동 400-14,1,교통과,2026-06-01
37.90923,127.73965,정류장,농촌공사춘천지소,강원특별자치도 춘천시 우두동 150-7,1,교통과,2026-06-01
37.90973,127.73935,정류장,농촌공사춘천지소,강원특별자치도 춘천시 우두동 483-2,1,교통과,2026-06-01
37.9032,127.73776,정류장,도재활병원삼거리,강원특별자치도 춘천시 우두동 409-5,1,교통과,2026-06-01
37.77692,127.76481,정류장,논골입구,강원특별자치도 춘천시 군자리 21-2,1,교통과,2026-06-01
37.77687,127.76462,정류장,논골입구,강원특별자치도 춘천시 원창리 1264-19,1,교통과,2026-06-01
37.86385,127.73122,정류장,국민연금공단,강원특별자치도 춘천시 퇴계동 972-16,1,교통과,2026-06-01
37.86041,127.72187,정류장,남춘천초교,강원특별자치도 춘천시 온의동 561,1,교통과,2026-06-01
37.86059,127.72139,정류장,남춘천중학교,강원특별자치도 춘천시 온의동 561,1,교통과,2026-06-01
37.79149,127.64606,정류장,남산면행복센터,강원특별자치도 춘천시 창촌리 46-25,1,교통과,2026-06-01
37.87063,127.726,정류장,남부시장,강원특별자치도 춘천시 효자1동 684-11,1,교통과,2026-06-01
37.87011,127.72748,정류장,남부시장,강원특별자치도 춘천시 효자1동 673-12,1,교통과,2026-06-01
37.73167,127.6011,정류장,남면행정복지센터,강원특별자치도 춘천시 발산리 685-10,1,교통과,2026-06-01
37.73123,127.6006,정류장,발산1리,강원특별자치도 춘천시 발산리 685-2,1,교통과,2026-06-01
37.81935,127.71679,정류장,김유정문학촌,강원특별자치도 춘천시 증리 861-15,1,교통과,2026-06-01
37.8955,127.68621,정류장,금산3리,강원특별자치도 춘천시 금산리 1120-2,1,교통과,2026-06-01
37.90201,127.69716,정류장,금산2리,강원특별자치도 춘천시 금산리 495-9,1,교통과,2026-06-01
37.89627,127.69073,정류장,시청자미디어센터,강원특별자치도 춘천시 금산리 1029-2,1,교통과,2026-06-01
37.89604,127.6906,정류장,시청자미디어센터,강원특별자치도 춘천시 금산리 1030-2,1,교통과,2026-06-01
37.91126,127.70376,정류장,과수원마을입구,강원특별자치도 춘천시 금산리 1121-6,1,교통과,2026-06-01
37.88816,127.72462,정류장,근화초교,강원특별자치도 춘천시 소양로2가  174-11,1,교통과,2026-06-01
37.8833,127.71447,정류장,춘천역육교앞,강원특별자치도 춘천시 근화동 564-1,1,교통과,2026-06-01
37.88146,127.71345,정류장,청와A,강원특별자치도 춘천시 근화동 497-1,1,교통과,2026-06-01
37.86683,127.7563,정류장,그랜드A,강원특별자치도 춘천시 석사동 722-2,1,교통과,2026-06-01
37.75206,127.73297,정류장,군자3리,강원특별자치도 춘천시 군자리 1208-66,1,교통과,2026-06-01
37.75439,127.73849,정류장,군자3리,강원특별자치도 춘천시 군자리 792-6,1,교통과,2026-06-01
37.7565,127.74292,정류장,군자공원묘지,강원특별자치도 춘천시 군자리 696-2,1,교통과,2026-06-01
37.74853,127.72219,정류장,군자1리,강원특별자치도 춘천시 군자리 987-7,1,교통과,2026-06-01
37.77074,127.76431,정류장,국립춘천병원,강원특별자치도 춘천시 원창리 산 421-10,1,교통과,2026-06-01
37.79722,127.61643,정류장,구곡폭포종점,강원특별자치도 춘천시 강촌리 432-43,1,교통과,2026-06-01
37.8778,127.73812,정류장,교동초교입구,강원특별자치도 춘천시 효자3동 760,1,교통과,2026-06-01
37.72604,127.69878,정류장,광판중학교입구,강원특별자치도 춘천시 광판리 1139,1,교통과,2026-06-01
37.72263,127.69957,정류장,광판중학교,강원특별자치도 춘천시 광판리 555-5,1,교통과,2026-06-01
37.74294,127.71022,정류장,광판2리,강원특별자치도 춘천시 광판리 114-1,1,교통과,2026-06-01
37.74427,127.71305,정류장,광판2리,강원특별자치도 춘천시 광판리 128-4,1,교통과,2026-06-01
37.73274,127.70653,정류장,광판1리,강원특별자치도 춘천시 광판리 591-241,1,교통과,2026-06-01
37.73299,127.70678,정류장,광판,강원특별자치도 춘천시 광판리 1139-2,1,교통과,2026-06-01
38.01469,127.62701,정류장,신포리,강원특별자치도 춘천시 신포리 630-3,1,교통과,2026-06-01
37.87437,127.74098,정류장,춘천청소년수련관,강원특별자치도 춘천시 효자3동 615-2,1,교통과,2026-06-01
37.85723,127.73525,정류장,퇴계환승센터,강원특별자치도 춘천시 퇴계동 288-21,1,교통과,2026-06-01
37.85789,127.73464,정류장,퇴계환승센터,강원특별자치도 춘천시 퇴계동 988,1,교통과,2026-06-01
37.87421,127.71474,정류장,공지천사거리,강원특별자치도 춘천시 근화동 292-4,1,교통과,2026-06-01
37.87431,127.7146,정류장,공지사거리,강원특별자치도 춘천시 근화동 265-11,1,교통과,2026-06-01
37.88508,127.74676,정류장,신성교회,강원특별자치도 춘천시 후평1동 719,1,교통과,2026-06-01
37.85901,127.85333,정류장,곡골,강원특별자치도 춘천시 상걸리 601-2,1,교통과,2026-06-01
37.96437,127.67634,정류장,고탄입구,강원특별자치도 춘천시 용산리 산 101-1,1,교통과,2026-06-01
37.98817,127.70512,정류장,고탄,강원특별자치도 춘천시 고탄리 244-7,1,교통과,2026-06-01
37.84044,127.73442,정류장,고창말,강원특별자치도 춘천시 정족리 1057,1,교통과,2026-06-01
37.84553,127.78867,정류장,고은리종점,강원특별자치도 춘천시 고은리 583,1,교통과,2026-06-01
37.84863,127.77768,정류장,고은2리,강원특별자치도 춘천시 고은리 583,1,교통과,2026-06-01
37.84667,127.78205,정류장,고은1리,강원특별자치도 춘천시 고은리 184-1,1,교통과,2026-06-01
37.92515,127.74677,정류장,신북읍행복센터,강원특별자치도 춘천시 율문리 287,1,교통과,2026-06-01
37.92523,127.7469,정류장,신북읍행복센터,강원특별자치도 춘천시 율문리 316,3,교통과,2026-06-01
37.92197,127.71147,정류장,신매대교,강원특별자치도 춘천시 신매리 817-2,1,교통과,2026-06-01
37.91819,127.71156,정류장,신매3리,강원특별자치도 춘천시 신매리 887,1,교통과,2026-06-01
37.91592,127.71104,정류장,신매3리,강원특별자치도 춘천시 신매리 123,1,교통과,2026-06-01
37.93584,127.70284,정류장,신매1리,강원특별자치도 춘천시 서상리 1042-1,1,교통과,2026-06-01
37.92976,127.722,정류장,신동초교,강원특별자치도 춘천시 신동 894-8,1,교통과,2026-06-01
37.92992,127.72175,정류장,신동초교,강원특별자치도 춘천시 신동 894-4,1,교통과,2026-06-01
37.93187,127.72203,정류장,신동초등학교,강원특별자치도 춘천시 신동 903-8,1,교통과,2026-06-01
37.92777,127.72141,정류장,신동보급대,강원특별자치도 춘천시 사농동 245-22,1,교통과,2026-06-01
37.81716,127.71504,정류장,김유정역,강원특별자치도 춘천시 증리 929-4,1,교통과,2026-06-01
37.79923,127.70886,정류장,삼포유원지입구,강원특별자치도 춘천시 증리 1043-166,1,교통과,2026-06-01
37.87874,127.72912,정류장,명동입구,강원특별자치도 춘천시 조양동 49-23,1,교통과,2026-06-01
37.87961,127.72865,정류장,명동입구,강원특별자치도 춘천시 조양동 37-17,1,교통과,2026-06-01
37.86291,127.71768,정류장,시외버스터미널,강원특별자치도 춘천시 온의동 228-15,1,교통과,2026-06-01
37.86376,127.71724,정류장,시외버스터미널,강원특별자치도 춘천시 온의동 511,1,교통과,2026-06-01
37.86368,127.71989,정류장,시외버스터미널,강원특별자치도 춘천시 온의동 514,1,교통과,2026-06-01
37.86411,127.71976,정류장,시외버스터미널,강원특별자치도 춘천시 온의동 512-4,1,교통과,2026-06-01
37.87137,127.70841,정류장,시립청소년도서관,강원특별자치도 춘천시 삼천동 22-4,1,교통과,2026-06-01
37.87196,127.70822,정류장,공지천분수대,강원특별자치도 춘천시 삼천동 15,1,교통과,2026-06-01
37.87067,127.69318,정류장,(구)승마장,강원특별자치도 춘천시 삼천동 425-9,1,교통과,2026-06-01
37.8506,127.75,정류장,시립요양원입구,강원특별자치도 춘천시 석사동 897,1,교통과,2026-06-01
37.98615,127.89261,정류장,수청교,강원특별자치도 춘천시 오항리 242-2,1,교통과,2026-06-01
37.76644,127.64343,정류장,수동2리,강원특별자치도 춘천시 수동리 618-3,1,교통과,2026-06-01
37.77346,127.67902,정류장,수동1리종점,강원특별자치도 춘천시 수동리 109-4,1,교통과,2026-06-01
37.78132,127.65402,정류장,수동1리입구,강원특별자치도 춘천시 수동리 432-4,1,교통과,2026-06-01
37.77695,127.66157,정류장,수동1리,강원특별자치도 춘천시 수동리 353-3,1,교통과,2026-06-01
37.99289,127.69071,정류장,송암리,강원특별자치도 춘천시 송암리 520-4,1,교통과,2026-06-01
37.85203,127.68957,정류장,송암동,강원특별자치도 춘천시 송암동 172-3,1,교통과,2026-06-01
38.00345,127.69205,정류장,송암3반,강원특별자치도 춘천시 송암리 130-4,1,교통과,2026-06-01
37.92527,127.77057,정류장,솔밭종점,강원특별자치도 춘천시 지내리 742-9,1,교통과,2026-06-01
37.90534,127.73941,정류장,소양초교,강원특별자치도 춘천시 우두동 150-7,1,교통과,2026-06-01
37.90587,127.73938,정류장,소양초교,강원특별자치도 춘천시 우두동 442-6,1,교통과,2026-06-01
37.9061,127.72463,정류장,소양중학교,강원특별자치도 춘천시 사농동 82-3,1,교통과,2026-06-01
37.90513,127.72499,정류장,소양중학교,강원특별자치도 춘천시 사농동 65-17,1,교통과,2026-06-01
37.88914,127.72506,정류장,소양로2가,강원특별자치도 춘천시 소양로2가  175-6,1,교통과,2026-06-01
37.89146,127.72572,정류장,소양로1가,강원특별자치도 춘천시 소양로1가  98-21,1,교통과,2026-06-01
37.93821,127.80166,정류장,소양강댐주차장,강원특별자치도 춘천시 천전리 8-4,1,교통과,2026-06-01
37.89959,127.72858,정류장,소양2교,강원특별자치도 춘천시 우두동 1074,1,교통과,2026-06-01
37.89996,127.72835,정류장,사우사거리,강원특별자치도 춘천시 우두동 1052,1,교통과,2026-06-01
37.88067,127.75488,정류장,초록지붕8차,강원특별자치도 춘천시 후평3동 33117,1,교통과,2026-06-01
37.88077,127.7547,정류장,초록지붕6차,강원특별자치도 춘천시 후평3동 32874,1,교통과,2026-06-01
37.88484,127.74415,정류장,세경3차,강원특별자치도 춘천시 후평1동 740-13,1,교통과,2026-06-01
37.88451,127.7437,정류장,세경3차,강원특별자치도 춘천시 후평1동 842-14,1,교통과,2026-06-01
37.84813,127.74339,정류장,성원초등학교,강원특별자치도 춘천시 퇴계동 1027,1,교통과,2026-06-01
37.85273,127.74132,정류장,퇴계주공5차A,강원특별자치도 춘천시 석사동 871,1,교통과,2026-06-01
37.8528,127.74154,정류장,현진에버빌2차,강원특별자치도 춘천시 석사동 871,1,교통과,2026-06-01
37.80992,127.67905,정류장,설미종점,강원특별자치도 춘천시 팔미리 861-130,1,교통과,2026-06-01
37.85657,127.742,정류장,봄내초교,강원특별자치도 춘천시 석사동 796,1,교통과,2026-06-01
37.85642,127.74174,정류장,봄내초등학교,강원특별자치도 춘천시 석사동 815,1,교통과,2026-06-01
37.85451,127.74099,정류장,퇴계현대3차,강원특별자치도 춘천시 석사동 820,1,교통과,2026-06-01
37.86281,127.73904,정류장,석사A,강원특별자치도 춘천시 석사동 717,1,교통과,2026-06-01
37.86289,127.73933,정류장,석사A,강원특별자치도 춘천시 효자2동 280,1,교통과,2026-06-01
37.85308,127.75104,정류장,석사삼익A,강원특별자치도 춘천시 석사동 114-5,3,교통과,2026-06-01
37.85324,127.75117,정류장,초록지붕A,강원특별자치도 춘천시 거두리 924,3,교통과,2026-06-01
37.85952,127.74511,정류장,석사사거리,강원특별자치도 춘천시 석사동 5-11,1,교통과,2026-06-01
37.8691,127.75608,정류장,석사부영A,강원특별자치도 춘천시 석사동 783,1,교통과,2026-06-01
37.85921,127.74273,정류장,석사동행복센터,강원특별자치도 춘천시 석사동 671,1,교통과,2026-06-01
37.86908,127.75638,정류장,석사대우A,강원특별자치도 춘천시 석사동 721-2,1,교통과,2026-06-01
37.85118,127.75278,정류장,석사극동A,강원특별자치도 춘천시 석사동 635-23,1,교통과,2026-06-01
37.85961,127.74483,정류장,석사교회,강원특별자치도 춘천시 석사동 431-5,1,교통과,2026-06-01
37.86115,127.74326,정류장,석사4거리,강원특별자치도 춘천시 석사동 690,1,교통과,2026-06-01
37.87048,127.75677,정류장,석사2지구A,강원특별자치도 춘천시 후평3동 900,1,교통과,2026-06-01
37.87027,127.75697,정류장,석사2지구A,강원특별자치도 춘천시 석사동 721-1,1,교통과,2026-06-01
37.93586,127.69652,정류장,석갓,강원특별자치도 춘천시 서상리 1117,1,교통과,2026-06-01
37.93234,127.70239,정류장,서춘천농협,강원특별자치도 춘천시 신매리 487-8,1,교통과,2026-06-01
37.84082,127.55202,정류장,서천리,강원특별자치도 춘천시 서천리 34-4,1,교통과,2026-06-01
37.83801,127.53288,정류장,서천2리,강원특별자치도 춘천시 서천리 산 152-1,1,교통과,2026-06-01
37.83862,127.55271,정류장,서천1리,강원특별자치도 춘천시 서천리 77-1,1,교통과,2026-06-01
37.92814,127.70633,정류장,서상초교,강원특별자치도 춘천시 신매리 725-1,1,교통과,2026-06-01
37.94212,127.70357,정류장,서상1리종점,강원특별자치도 춘천시 서상리 64-1,1,교통과,2026-06-01
37.88581,127.72404,정류장,서부시장,강원특별자치도 춘천시 소양로2가  168,1,교통과,2026-06-01
37.78622,127.75687,정류장,새술막,강원특별자치도 춘천시 원창리 887-6,1,교통과,2026-06-01
37.78588,127.75773,정류장,새술막,강원특별자치도 춘천시 원창리 891-1,1,교통과,2026-06-01
37.87146,127.7326,정류장,새마을고개,강원특별자치도 춘천시 효자2동 715번지,1,교통과,2026-06-01
37.87107,127.73241,정류장,새마을고개,강원특별자치도 춘천시 효자2동 90,1,교통과,2026-06-01
37.79883,127.73112,정류장,증4리종점,강원특별자치도 춘천시 증리 45-8,1,교통과,2026-06-01
37.92989,127.7849,정류장,상천초등학교,강원특별자치도 춘천시 천전리 102-6,1,교통과,2026-06-01
37.86208,127.85015,정류장,상걸리보건진료소,강원특별자치도 춘천시 상걸리 601,1,교통과,2026-06-01
37.86629,127.84392,정류장,상걸1리,강원특별자치도 춘천시 상걸리 442-6,1,교통과,2026-06-01
37.79774,127.71497,정류장,삼포유원지,강원특별자치도 춘천시 증리 131-3,1,교통과,2026-06-01
37.86906,127.70704,정류장,삼천동사거리,강원특별자치도 춘천시 삼천동 25-6,1,교통과,2026-06-01
37.86941,127.707,정류장,삼천동사거리,강원특별자치도 춘천시 삼천동 37-25,1,교통과,2026-06-01
37.91915,127.73905,정류장,여우고개삼거리,강원특별자치도 춘천시 우두동 20-9,1,교통과,2026-06-01
37.9427,127.75159,정류장,산천1리,강원특별자치도 춘천시 산천리 431-1,1,교통과,2026-06-01
37.84785,127.7641,정류장,산수빌A,강원특별자치도 춘천시 신촌리 346-21,1,교통과,2026-06-01
37.83309,127.77478,정류장,사암3리,강원특별자치도 춘천시 사암리 1293-1,1,교통과,2026-06-01
38.03878,127.64334,정류장,사북우체국,강원특별자치도 춘천시 지촌리 561-3,1,교통과,2026-06-01
38.03011,127.64133,정류장,사북면행복센터,강원특별자치도 춘천시 신포리 751,1,교통과,2026-06-01
38.02896,127.64114,정류장,사북면행복센터,강원특별자치도 춘천시 신포리 369-2,1,교통과,2026-06-01
37.87282,127.74672,정류장,사대부고,강원특별자치도 춘천시 후평2동 480-64,1,교통과,2026-06-01
37.91353,127.72205,정류장,우두로입구,강원특별자치도 춘천시 사농동 4,1,교통과,2026-06-01
37.9133,127.72187,정류장,우두로입구,강원특별자치도 춘천시 사농동 366-7,1,교통과,2026-06-01
37.91079,127.72244,정류장,사농현대A,강원특별자치도 춘천시 사농동 371-14,1,교통과,2026-06-01
37.84508,127.70128,정류장,보타사입구,강원특별자치도 춘천시 칠전동 329-1,1,교통과,2026-06-01
37.86984,127.73103,정류장,교대부설초교,강원특별자치도 춘천시 효자2동 72,1,교통과,2026-06-01
37.87511,127.72948,정류장,봉의초교,강원특별자치도 춘천시 운교동 193,1,교통과,2026-06-01
37.87932,127.74149,정류장,봉의중학교,강원특별자치도 춘천시 효자3동 760,1,교통과,2026-06-01
37.87915,127.74159,정류장,봉의중학교,강원특별자치도 춘천시 효자3동 757-14,1,교통과,2026-06-01
37.88675,127.74489,정류장,봉의A,강원특별자치도 춘천시 후평1동 49-23,1,교통과,2026-06-01
37.88768,127.74413,정류장,봉의A,강원특별자치도 춘천시 후평1동 봉의아파트 맞은편,1,교통과,2026-06-01
37.77336,127.81103,정류장,봉명2리,강원특별자치도 춘천시 봉명리 1036,1,교통과,2026-06-01
37.87534,127.75261,정류장,보안사거리,강원특별자치도 춘천시 후평3동 836-15,1,교통과,2026-06-01
37.87542,127.75241,정류장,보안사거리,강원특별자치도 춘천시 후평2동 838-6,1,교통과,2026-06-01
37.87619,127.74552,정류장,푸른언덕공원,강원특별자치도 춘천시 효자3동 18-72,1,교통과,2026-06-01
37.86609,127.73414,정류장,춘천지방법원,강원특별자치도 춘천시 효자2동 267,1,교통과,2026-06-01
37.86609,127.73285,정류장,법원,강원특별자치도 춘천시 효자3동 714,1,교통과,2026-06-01
37.8659,127.73311,정류장,법원,강원특별자치도 춘천시 효자2동 363-3,1,교통과,2026-06-01
37.89205,127.72626,정류장,번개시장,강원특별자치도 춘천시 소양로1가  93-10,1,교통과,2026-06-01
37.81028,127.57333,정류장,백양리종점,강원특별자치도 춘천시 백양리 588-27,1,교통과,2026-06-01
37.8241,127.56272,정류장,백양1리,강원특별자치도 춘천시 백양리 산 179-5,1,교통과,2026-06-01
37.85995,127.71745,정류장,배나무골,강원특별자치도 춘천시 온의동 535-9,1,교통과,2026-06-01
37.85983,127.717,정류장,배나무골,강원특별자치도 춘천시 온의동 536-8,1,교통과,2026-06-01
37.83551,127.73615,정류장,방죽기,강원특별자치도 춘천시 정족리 479-1,1,교통과,2026-06-01
37.85578,127.68863,정류장,송암스포츠타운,강원특별자치도 춘천시 송암동 693,1,교통과,2026-06-01
37.90904,127.66544,정류장,방동리종점,강원특별자치도 춘천시 방동리 1008-126,1,교통과,2026-06-01
37.90053,127.67505,정류장,방동2리,강원특별자치도 춘천시 방동리 1500-7,1,교통과,2026-06-01
37.90395,127.6732,정류장,방동2리,강원특별자치도 춘천시 방동리 1425,1,교통과,2026-06-01
37.90705,127.66854,정류장,방동2리,강원특별자치도 춘천시 방동리 1276,1,교통과,2026-06-01
37.90176,127.66183,정류장,장절공,강원특별자치도 춘천시 방동리 1008-1,1,교통과,2026-06-01
37.85569,127.68883,정류장,송암스포츠타운,강원특별자치도 춘천시 송암동 326-2,1,교통과,2026-06-01
37.91843,127.78156,정류장,가산교,강원특별자치도 춘천시 지내리 가산교(2258) 맞은편,1,교통과,2026-06-01
37.92251,127.77711,정류장,지내3리,강원특별자치도 춘천시 지내리 지내3리(2259) 맞은편,1,교통과,2026-06-01
37.92252,127.77715,정류장,지내3리,강원특별자치도 춘천시 지내리 891,1,교통과,2026-06-01
37.67885,127.61356,정류장,한덕리,강원특별자치도 춘천시 한덕리 434-1,1,교통과,2026-06-01
37.87981,127.76324,정류장,유앤아이A,강원특별자치도 춘천시 만천리 116,1,교통과,2026-06-01
37.86164,127.72784,정류장,케이티앤지,강원특별자치도 춘천시 퇴계동 927,1,교통과,2026-06-01
37.90682,127.72831,정류장,농산물도매시장,강원특별자치도 춘천시 사농동 99-39,1,교통과,2026-06-01
37.90702,127.72832,정류장,농산물도매시장,강원특별자치도 춘천시 사농동 99-40,1,교통과,2026-06-01
37.85079,127.73524,정류장,홈플러스,강원특별자치도 춘천시 퇴계동 141,1,교통과,2026-06-01
37.92228,127.73914,정류장,여우고개사거리,강원특별자치도 춘천시 신동 산28-5,1,교통과,2026-06-01
37.85717,127.75935,정류장,호반베르디움,강원특별자치도 춘천시 거두리 1069,1,교통과,2026-06-01
37.8639,127.7231,정류장,남춘천역환승센터,강원특별자치도 춘천시 퇴계동 983,1,교통과,2026-06-01
37.89351,127.725,정류장,호반환승센터,강원특별자치도 춘천시 소양로1가 47-1,1,교통과,2026-06-01
37.8932,127.72493,정류장,호반환승센터,강원특별자치도 춘천시 근화동 804,1,교통과,2026-06-01
37.88527,127.71821,정류장,춘천역환승센터,강원특별자치도 춘천시 근화동 168-5,1,교통과,2026-06-01
37.86621,127.72678,정류장,퇴계일성A,강원특별자치도 춘천시 퇴계동 1201,1,교통과,2026-06-01
37.86612,127.72695,정류장,퇴계일성A,강원특별자치도 춘천시 퇴계동 1140-5,1,교통과,2026-06-01
37.86412,127.72331,정류장,남춘천역환승센터,강원특별자치도 춘천시 퇴계동 628-3,1,교통과,2026-06-01
37.80627,127.6337,정류장,강촌역,강원특별자치도 춘천시 방곡리 405-5,3,교통과,2026-06-01
37.80592,127.63649,정류장,강촌역입구,강원특별자치도 춘천시 방곡리 630-1,1,교통과,2026-06-01
37.8615,127.7274,정류장,케이티앤지,강원특별자치도 춘천시 퇴계동 892,1,교통과,2026-06-01
37.86071,127.733,정류장,휴먼시아2차,강원특별자치도 춘천시 퇴계동 1132,1,교통과,2026-06-01
37.86087,127.7332,정류장,휴먼시아1차,강원특별자치도 춘천시 퇴계동 1132,1,교통과,2026-06-01
37.94769,127.81209,정류장,소양강댐정상,강원특별자치도 춘천시 천전리 산 73-9,1,교통과,2026-06-01
37.98582,127.70038,정류장,전원주택입구,강원특별자치도 춘천시 고탄리 506,1,교통과,2026-06-01
37.86973,127.72791,정류장,수협,강원특별자치도 춘천시 효자1동 692-1,1,교통과,2026-06-01
37.87869,127.71219,정류장,부강연립앞,강원특별자치도 춘천시 근화동 785,1,교통과,2026-06-01
37.84255,127.60803,정류장,풀무원입구,강원특별자치도 춘천시 당림리 429-5,1,교통과,2026-06-01
37.8502,127.60195,정류장,당림리,강원특별자치도 춘천시 당림리 산 67-2,1,교통과,2026-06-01
37.85301,127.60101,정류장,당림1리5반,강원특별자치도 춘천시 당림리 485-2,1,교통과,2026-06-01
37.87849,127.71178,정류장,부강연립,강원특별자치도 춘천시 근화동 651-1,1,교통과,2026-06-01
37.86672,127.75832,정류장,롯데마트석사점,강원특별자치도 춘천시 석사동 782,1,교통과,2026-06-01
37.86672,127.75846,정류장,롯데마트석사점,강원특별자치도 춘천시 석사동 782,1,교통과,2026-06-01
37.8591,127.6928,정류장,강원체고앞,강원특별자치도 춘천시 송암동 산 74,1,교통과,2026-06-01
37.87461,127.71295,정류장,서부지구대,강원특별자치도 춘천시 근화동 785-15,1,교통과,2026-06-01
37.78474,127.64315,정류장,보매기,강원특별자치도 춘천시 창촌리 219-15,1,교통과,2026-06-01
37.92935,127.69207,정류장,월송1리,강원특별자치도 춘천시 월송리 1314,1,교통과,2026-06-01
37.8553,127.78532,정류장,신촌1리,강원특별자치도 춘천시 신촌리 52,1,교통과,2026-06-01
37.74733,127.67478,정류장,행촌리종점,강원특별자치도 춘천시 행촌리  514-13,1,교통과,2026-06-01
37.83722,127.6079,정류장,당림초교,강원특별자치도 춘천시 당림리 414-61,1,교통과,2026-06-01
37.96099,127.74758,정류장,산천2리종점,강원특별자치도 춘천시 발산리 829-3,1,교통과,2026-06-01
37.77156,127.69999,정류장,혈동1리종점,강원특별자치도 춘천시 혈동리 113-7,1,교통과,2026-06-01
37.93438,127.65796,정류장,서상2리종점,강원특별자치도 춘천시 서상리 931-10,1,교통과,2026-06-01
37.90907,127.66556,정류장,방동리종점,강원특별자치도 춘천시 방동리 1008-126,1,교통과,2026-06-01
37.78819,127.62929,정류장,방곡2리종점,강원특별자치도 춘천시 방곡리 632,1,교통과,2026-06-01
37.96632,127.62511,정류장,오월리종점,강원특별자치도 춘천시 오월리 318,1,교통과,2026-06-01
37.74378,127.71165,정류장,광판삼거리,강원특별자치도 춘천시 광판리 114-1,1,교통과,2026-06-01
37.86158,127.79178,정류장,거두리종점,강원특별자치도 춘천시 거두리 137-3,1,교통과,2026-06-01
37.88423,127.72592,정류장,한신휴플러스,강원특별자치도 춘천시 소양로2가  122-27,1,교통과,2026-06-01
37.88427,127.72612,정류장,e편한세상,강원특별자치도 춘천시 소양로2가  186,1,교통과,2026-06-01
37.82282,127.76312,정류장,학곡리,강원특별자치도 춘천시 학곡리 산 59-3,1,교통과,2026-06-01
37.89386,127.75562,정류장,장학교차로,강원특별자치도 춘천시 장학리 1006,1,교통과,2026-06-01
37.89708,127.75407,정류장,장학해온채A,강원특별자치도 춘천시 장학리 987-1,1,교통과,2026-06-01
37.89681,127.7635,정류장,장학1리마을회관,강원특별자치도 춘천시 장학리 89-23,1,교통과,2026-06-01
37.89696,127.7635,정류장,장학1리마을회관,강원특별자치도 춘천시 장학리 89-10,1,교통과,2026-06-01
37.9039,127.74184,정류장,강원도재활병원,강원특별자치도 춘천시 우두동 291-2,1,교통과,2026-06-01
37.96722,127.73276,정류장,지내1리종점,강원특별자치도 춘천시 지내리 92-1,1,교통과,2026-06-01
37.96121,127.72004,정류장,지내2리성문산,강원특별자치도 춘천시 지내리 885,1,교통과,2026-06-01
37.8964,127.7527,정류장,장학부영A,강원특별자치도 춘천시 장학리 1012,1,교통과,2026-06-01
37.89636,127.75255,정류장,장학LH1단지,강원특별자치도 춘천시 장학리 1012,1,교통과,2026-06-01
37.78479,127.64375,정류장,보매기,강원특별자치도 춘천시 창촌리 219-12,1,교통과,2026-06-01
37.81934,127.63192,정류장,강촌입구,강원특별자치도 춘천시 당림리 산 5,1,교통과,2026-06-01
37.92103,127.80552,정류장,옥광산,강원특별자치도 춘천시 월곡리 269,1,교통과,2026-06-01
37.91263,127.72596,정류장,뉴시티코아루A,강원특별자치도 춘천시 사농동 820 앞,1,교통과,2026-06-01
37.91278,127.72584,정류장,뉴시티코아루A,강원특별자치도 춘천시 사농동 787 앞,1,교통과,2026-06-01
37.91283,127.73879,정류장,천년나무A,강원특별자치도 춘천시 우두동 1091-2 앞,2,교통과,2026-06-01
37.91295,127.7389,정류장,천년나무A,강원특별자치도 춘천시 우두동 885 앞,1,교통과,2026-06-01
37.91876,127.75048,정류장,로컬푸드직매장,강원특별자치도 춘천시 장학리 445-15 앞,1,교통과,2026-06-01
37.89039,127.75728,정류장,아이파크A,강원특별자치도 춘천시 장학리 208-1 앞,1,교통과,2026-06-01
37.89052,127.75744,정류장,아이파크A,강원특별자치도 춘천시 장학리 206 앞,1,교통과,2026-06-01
37.88598,127.76155,정류장,춘천여고앞,강원특별자치도 춘천시 만천리 763-7 (인도),1,교통과,2026-06-01
37.74677,127.6309,정류장,후동2리마을회관,강원특별자치도 춘천시 후동리 70,1,교통과,2026-06-01
37.85337,127.72975,정류장,한숲시티A,강원특별자치도 춘천시 퇴계동 산25-17 앞,1,교통과,2026-06-01
37.85316,127.72947,정류장,한숲시티A,강원특별자치도 춘천시 퇴계동 산23-1 앞,1,교통과,2026-06-01
37.92457,127.75144,정류장,신북사거리,강원특별자치도 춘천시 율문리 274-33 앞,1,교통과,2026-06-01
37.90708,127.73529,정류장,우두택지,강원특별자치도 춘천시 우두동 1114-5(위),1,교통과,2026-06-01
37.90687,127.73329,정류장,우두택지,강원특별자치도 춘천시 우두동 674-1(아래),1,교통과,2026-06-01
37.9245,127.74614,정류장,샘밭장터,강원특별자치도 춘천시 율문리 935-52,3,교통과,2026-06-01
37.95228,127.7766,정류장,유포2리종점,강원특별자치도 춘천시 유포리 1221-1,1,교통과,2026-06-01
37.74263,127.63416,정류장,후동2리입구,강원특별자치도 춘천시 후동리 후동2리입구(1035)공유,1,교통과,2026-06-01
37.92105,127.72106,정류장,인형극장앞,강원특별자치도 춘천시 사농동 277-3,1,교통과,2026-06-01
37.85903,127.71754,정류장,안마산로입구,강원특별자치도 춘천시 온의동 567,1,교통과,2026-06-01
37.85827,127.72048,정류장,남춘천여중,강원특별자치도 춘천시 온의동 552,1,교통과,2026-06-01
37.85784,127.72101,정류장,남춘천여중,강원특별자치도 춘천시 퇴계동 796-1,1,교통과,2026-06-01
37.86656,127.73778,정류장,강원대정문,강원특별자치도 춘천시 효자동 348-1,1,교통과,2026-06-01
37.86636,127.73793,정류장,강원대정문,강원특별자치도 춘천시 효자동 337-1,1,교통과,2026-06-01
37.86227,127.7658,정류장,거두1리사거리,강원특별자치도 춘천시 동내면 거두리 565-1,1,교통과,2026-06-01
37.82374,127.764,정류장,사암4리,강원특별자치도 춘천시 동내면 학곡리 79-7,1,교통과,2026-06-01
37.8913,127.7218,정류장,당간지주입구,강원특별자치도 춘천시 근화동 791-3,1,교통과,2026-06-01
37.86859,127.71986,정류장,타워푸르지오A,강원특별자치도 춘천시 온의동 6-31,1,교통과,2026-06-01
37.86826,127.71948,정류장,강남동행복센터,강원특별자치도 춘천시 온의동 6-32,1,교통과,2026-06-01
37.86928,127.71855,정류장,온의롯데캐슬,강원특별자치도 춘천시 온의동 590,1,교통과,2026-06-01
37.86909,127.71825,정류장,롯데마트춘천점,강원특별자치도 춘천시 온의동 6-26,1,교통과,2026-06-01
37.87149,127.72472,정류장,남부사거리,강원특별자치도 춘천시 효자동 680-25,1,교통과,2026-06-01
37.86849,127.74147,정류장,강원대백록관,강원특별자치도 춘천시 효자동 192-1,1,교통과,2026-06-01
37.86868,127.74129,정류장,강원대백록관,강원특별자치도 춘천시 효자동 192-1,1,교통과,2026-06-01
37.89811,127.73678,정류장,강변코아루A,강원특별자치도 춘천시 우두동 380-5,1,교통과,2026-06-01
37.89823,127.73691,정류장,강변코아루A,강원특별자치도 춘천시 우두동 380-6,1,교통과,2026-06-01
37.92999,127.76532,정류장,율문3리,강원특별자치도 춘천시 신북읍 율문리 28-14,1,교통과,2026-06-01
37.93065,127.76957,정류장,천전2리,강원특별자치도 춘천시 신북읍 천전리 701-1,1,교통과,2026-06-01
37.87179,127.72082,정류장,방송통신대앞,강원특별자치도 춘천시 약사동 158-42,1,교통과,2026-06-01
37.84799,127.76162,정류장,동내면행복센터,강원특별자치도 춘천시 신촌리 389-7,1,교통과,2026-06-01
37.91053,127.73551,정류장,파크에뷰A,강원특별자치도 춘천시 우두동 1121,1,교통과,2026-06-01
37.7907,127.64322,정류장,남산하나로마트,강원특별자치도 춘천시 남산면 방곡리 154-2,1,교통과,2026-06-01
37.80815,127.6367,정류장,강촌1리회관,강원특별자치도 춘천시 남산면 강촌로 129,1,교통과,2026-06-01
37.87588,127.76798,정류장,만천로143번길,강원특별자치도 춘천시 동면 만천리 549-7,1,교통과,2026-06-01
37.94934,127.7766,정류장,유포2리마을회관,강원특별자치도 춘천시 신북읍 맥국길 216,1,교통과,2026-06-01
37.95778,127.72316,정류장,지내2리응달말,강원특별자치도 춘천시 신북읍 지내리 838,1,교통과,2026-06-01
37.82181,127.76282,정류장,화물차공영차고지,강원특별자치도 춘천시 동내면 학곡리 857,1,교통과,2026-06-01
37.8661,127.75055,정류장,강원대동문앞,강원특별자치도 춘천시 석사동 739,1,교통과,2026-06-01
37.8634,127.74756,정류장,춘천농협엔타점,강원특별자치도 춘천시 석사동 981,1,교통과,2026-06-01
